0001,record_1
0002,record_2
0003,record_3
0004,record_4
0005,record_5
0006,record_6
0007,record_7
0008,record_8
0009,record_9
0010,record_10
0011,record_11
0012,record_12
0013,record_13
0014,record_14
0015,record_15
0016,record_16
0017,record_17
0018,record_18
0019,record_19
0020,record_20
0021,record_21
0022,record_22
0023,record_23
0024,record_24
0025,record_25
0026,record_26
0027,record_27
0028,record_28
0029,record_29
0030,record_30
0031,record_31
0032,record_32
0033,record_33
0034,record_34
0035,record_35
0036,record_36
0037,record_37
0038,record_38
0039,record_39
0040,record_40
0041,record_41
0042,record_42
0043,record_43
0044,record_44
0045,record_45
0046,record_46
0047,record_47
0048,record_48
0049,record_49
0050,record_50
0051,record_51
0052,record_52
0053,record_53
0054,record_54
0055,record_55
0056,record_56
0057,record_57
0058,record_58
0059,record_59
0060,record_60
0061,record_61
0062,record_62
0063,record_63
0064,record_64
0065,record_65
0066,record_66
0067,record_67
0068,record_68
0069,record_69
0070,record_70
0071,record_71
0072,record_72
0073,record_73
0074,record_74
0075,record_75
0076,record_76
0077,record_77
0078,record_78
0079,record_79
0080,record_80
0081,record_81
0082,record_82
0083,record_83
0084,record_84
0085,record_85
0086,record_86
0087,record_87
0088,record_88
0089,record_89
0090,record_90
0091,record_91
0092,record_92
0093,record_93
0094,record_94
0095,record_95
0096,record_96
0097,record_97
0098,record_98
0099,record_99
0100,record_100
0101,record_101
0102,record_102
0103,record_103
0104,record_104
0105,record_105
0106,record_106
0107,record_107
0108,record_108
0109,record_109
0110,record_110
0111,record_111
0112,record_112
0113,record_113
0114,record_114
0115,record_115
0116,record_116
0117,record_117
0118,record_118
0119,record_119
0120,record_120
0121,record_121
0122,record_122
0123,record_123
0124,record_124
0125,record_125
0126,record_126
0127,record_127
0128,record_128
0129,record_129
0130,record_130